epoch           , train_loss           , train_acc         , val_loss           , val_acc           , best_val_acc_so_far
6666666666666666, 0.6666666666666666   ,                   ,                    ,                   , 
2               , 0.7286319732666016   , 0.6206896551724138, 0.6895520091056824 , 0.6666666666666666, 0.6666666666666666
3               , 0.4555538687212714   , 0.7931034482758621, 0.8558329939842224 , 0.3333333333333333, 0.6666666666666666
4               , 0.4116122219069251   , 0.8275862068965517, 0.6788397431373596 , 0.5               , 0.6666666666666666
5               , 0.18624839649118227  , 1.0               , 0.5971421003341675 , 0.6666666666666666, 0.6666666666666666
6               , 0.15980355749870168  , 0.9655172413793104, 0.583053708076477  , 0.6666666666666666, 0.6666666666666666
7               , 0.2014940555753379   , 0.9310344827586207, 0.5596715807914734 , 0.6666666666666666, 0.6666666666666666
8               , 0.2625973805271346   , 0.9310344827586207, 0.6000837683677673 , 0.8333333333333334, 0.8333333333333334
9               , 0.12221764079455671  , 1.0               , 0.5897911190986633 , 0.8333333333333334, 0.8333333333333334
10              , 0.08231598819638121  , 1.0               , 0.44635048508644104, 0.6666666666666666, 0.8333333333333334
11              , 0.0712486207485199   , 1.0               , 0.49259257316589355, 0.6666666666666666, 0.8333333333333334
12              , 0.07127080652220495  , 1.0               , 0.49771973490715027, 0.6666666666666666, 0.8333333333333334
13              , 0.09147327470368352  , 1.0               , 0.43829330801963806, 0.8333333333333334, 0.8333333333333334
14              , 0.019665991373617072 , 1.0               , 0.45154449343681335, 0.8333333333333334, 0.8333333333333334
15              , 0.038833279291103626 , 1.0               , 0.4396378695964813 , 0.8333333333333334, 0.8333333333333334
16              , 0.06319872469737611  , 1.0               , 0.4399630129337311 , 0.6666666666666666, 0.8333333333333334
17              , 0.027691033379784947 , 1.0               , 0.48562291264533997, 0.8333333333333334, 0.8333333333333334
18              , 0.01607282427621299  , 1.0               , 0.5190108418464661 , 0.6666666666666666, 0.8333333333333334
19              , 0.03617278075423734  , 1.0               , 0.5079679489135742 , 0.6666666666666666, 0.8333333333333334
20              , 0.030034154011257762 , 1.0               , 0.5438554883003235 , 0.6666666666666666, 0.8333333333333334
21              , 0.030300008068824637 , 1.0               , 0.6434515714645386 , 0.6666666666666666, 0.8333333333333334
22              , 0.025253336362797637 , 1.0               , 0.6441861987113953 , 0.6666666666666666, 0.8333333333333334
23              , 0.019445164707200282 , 1.0               , 0.6505096554756165 , 0.6666666666666666, 0.8333333333333334
24              , 0.004886202674744458 , 1.0               , 0.6182191967964172 , 0.6666666666666666, 0.8333333333333334
25              , 0.0031432486781529313, 1.0               , 0.5802350640296936 , 0.6666666666666666, 0.8333333333333334
26              , 0.0028932510216816746, 1.0               , 0.5622497200965881 , 0.6666666666666666, 0.8333333333333334
27              , 0.007079695768911263 , 1.0               , 0.5661659836769104 , 0.6666666666666666, 0.8333333333333334
28              , 0.006428444581427451 , 1.0               , 0.5656639933586121 , 0.6666666666666666, 0.8333333333333334
29              , 0.005134982755407691 , 1.0               , 0.547637403011322  , 0.6666666666666666, 0.8333333333333334
30              , 0.002363387455136098 , 1.0               , 0.5451930165290833 , 0.6666666666666666, 0.8333333333333334
31              , 0.008467582568269351 , 1.0               , 0.5268429517745972 , 0.6666666666666666, 0.8333333333333334
32              , 0.0070736312532219394, 1.0               , 0.5188277363777161 , 0.6666666666666666, 0.8333333333333334
33              , 0.13821041433076406  , 0.9655172413793104, 0.5364024043083191 , 0.6666666666666666, 0.8333333333333334
34              , 0.05076512578746368  , 1.0               , 0.48541414737701416, 0.6666666666666666, 0.8333333333333334
35              , 0.004503096678647502 , 1.0               , 0.4817298352718353 , 0.6666666666666666, 0.8333333333333334
36              , 0.10170860665625539  , 0.9655172413793104, 0.494014173746109  , 0.6666666666666666, 0.8333333333333334
37              , 0.003272296475439236 , 1.0               , 0.4994466304779053 , 0.6666666666666666, 0.8333333333333334
38              , 0.006884151459510984 , 1.0               , 0.5344023108482361 , 0.8333333333333334, 0.8333333333333334
39              , 0.11236334926095502  , 0.896551724137931 , 0.5658236742019653 , 0.8333333333333334, 0.8333333333333334
40              , 0.002428703435600318 , 1.0               , 0.4937163293361664 , 0.6666666666666666, 0.8333333333333334
41              , 0.0017333668014355775, 1.0               , 0.5051268935203552 , 0.6666666666666666, 0.8333333333333334
42              , 0.011278299550557959 , 1.0               , 0.5308536887168884 , 0.8333333333333334, 0.8333333333333334
43              , 0.03240820926068158  , 1.0               , 0.5335240960121155 , 0.8333333333333334, 0.8333333333333334
44              , 0.01271874216738446  , 1.0               , 0.629357099533081  , 0.8333333333333334, 0.8333333333333334
45              , 0.013958445886663836 , 1.0               , 0.6734133362770081 , 0.8333333333333334, 0.8333333333333334
46              , 0.003498802371001963 , 1.0               , 0.6658465266227722 , 0.8333333333333334, 0.8333333333333334
47              , 0.009702677581587741 , 1.0               , 0.7012096047401428 , 0.8333333333333334, 0.8333333333333334
48              , 0.012732965855634418 , 1.0               , 0.6821383833885193 , 0.8333333333333334, 0.8333333333333334
49              , 0.002676521580473616 , 1.0               , 0.6544715762138367 , 0.8333333333333334, 0.8333333333333334
50              , 0.0023048774596175245, 1.0               , 0.6198627948760986 , 0.8333333333333334, 0.8333333333333334
